                  epoch,         train/box_loss,         train/cls_loss,         train/dfl_loss,   metrics/precision(B),      metrics/recall(B),       metrics/mAP50(B),    metrics/mAP50-95(B),           val/box_loss,           val/cls_loss,           val/dfl_loss,                 lr/pg0,                 lr/pg1,                 lr/pg2
                      1,                0.20309,                0.28011,                0.84123,                0.99378,                0.99251,                0.99491,                0.98501,                0.20147,                0.13639,                0.76873,             0.00041624,             0.00041624,             0.00041624
                      2,                0.18971,                0.17957,                0.83098,                0.99869,                0.99978,                0.99496,                0.98697,                0.18049,                0.12341,                0.73138,             0.00079126,             0.00079126,             0.00079126
                      3,                0.18333,                0.16594,                0.82928,                0.99739,                0.99977,                0.99493,                0.98567,                0.17742,                0.11408,                0.76381,              0.0011246,              0.0011246,              0.0011246
                      4,                0.17824,                0.15653,                0.82763,                0.99946,                0.99999,                0.99495,                0.98616,                0.16647,                0.10478,                0.76172,              0.0010625,              0.0010625,              0.0010625
                      5,                0.16817,                0.14234,                0.82547,                0.99983,                0.99991,                  0.995,                0.98609,                0.16427,                0.09823,                0.75981,                  0.001,                  0.001,                  0.001
